x,y
399.5,0.823232323232323
406.5,0.841750841750842
414,0.85016835016835
423.5,0.853535353535354
430.5,0.841750841750842
442,0.81986531986532
451,0.796296296296296
463.5,0.745791245791246
473,0.698653198653199
480,0.671717171717172
492.5,0.585858585858586
503.5,0.516835016835017
516.5,0.446127946127946
527,0.402356902356902
534.5,0.377104377104377
539.5,0.368686868686869
547.5,0.35016835016835
554.5,0.351851851851852
567,0.390572390572391
578.5,0.446127946127946
587,0.515151515151515
594.5,0.595959595959596
604,0.686868686868687
611,0.762626262626263
621,0.818181818181818
631,0.863636363636364
639,0.883838383838384
650,0.900673400673401
669.5,0.909090909090909
690.5,0.914141414141414
