xc,yc,xm,ym,xy,yy
489.984591679507,0.242647058823529,390.138408304498,0.933333333333333,370.069204152249,1.25925925925926
494.144838212635,0.330882352941176,394.982698961938,1.25185185185185,374.913494809689,1.46666666666667
499.691833590139,0.375,399.826989619377,1.36296296296296,380.449826989619,1.67407407407407
505.932203389831,0.492647058823529,405.363321799308,1.40740740740741,385.294117647059,1.86666666666667
510.092449922958,0.558823529411765,410.207612456747,1.38518518518519,390.138408304498,2.11851851851852
514.946070878274,0.676470588235294,415.051903114187,1.34814814814815,394.982698961938,2.42222222222222
519.79969183359,0.735294117647059,419.896193771626,1.31851851851852,400.519031141869,2.62222222222222
524.653312788906,0.772058823529412,425.432525951557,1.28888888888889,404.671280276817,2.6962962962963
534.360554699538,0.794117647058824,430.276816608997,1.27407407407407,410.207612456747,2.72592592592593
540.60092449923,0.808823529411765,435.121107266436,1.23703703703704,415.051903114187,2.71111111111111
547.534668721109,0.852941176470588,439.965397923875,1.19259259259259,419.896193771626,2.66666666666667
551.694915254237,0.919117647058824,444.809688581315,1.19259259259259,424.740484429066,2.66666666666667
555.161787365177,1.02205882352941,449.653979238754,1.2,430.276816608997,2.65185185185185
560.708782742681,1.13235294117647,455.190311418685,1.24444444444444,435.121107266436,2.62222222222222
564.869029275809,1.25,460.726643598616,1.28148148148148,439.965397923875,2.6
569.722650231125,1.26470588235294,464.878892733564,1.27407407407407,444.809688581315,2.55555555555556
573.882896764253,1.48529411764706,469.723183391003,1.26666666666667,450.346020761246,2.54814814814815
578.736517719569,1.75,475.259515570934,1.33333333333333,455.190311418685,2.56296296296296
585.670261941448,2.125,480.103806228374,1.60740740740741,460.034602076125,2.57777777777778
589.830508474576,2.28676470588235,484.948096885813,2.0962962962963,464.878892733564,2.62222222222222
596.070878274268,2.36029411764706,490.484429065744,2.12592592592593,470.415224913495,2.68148148148148
600.924499229584,2.45588235294118,493.944636678201,2.21481481481482,475.951557093426,2.65185185185185
605.7781201849,2.51470588235294,500.173010380623,2.34074074074074,480.103806228374,2.42962962962963
614.791987673344,2.55882352941176,505.017301038062,2.37037037037037,484.948096885813,2.18518518518519
622.419106317411,2.61764705882353,510.553633217993,2.41481481481482,490.484429065744,1.9037037037037
630.046224961479,2.66176470588235,515.397923875433,2.45925925925926,495.328719723183,1.6962962962963
634.899845916795,2.75,520.242214532872,2.51111111111111,500.173010380623,1.4
641.833590138675,2.82352941176471,525.086505190311,2.57037037037037,505.017301038062,1.05185185185185
650.154083204931,2.91911764705882,530.622837370242,2.64444444444444,510.553633217993,0.696296296296296
650.154083204931,2.91911764705882,534.77508650519,2.6962962962963,514.705882352941,0.540740740740741
655.007704160247,2.86029411764706,539.61937716263,2.76296296296296,520.242214532872,0.251851851851852
659.167950693375,2.93382352941176,545.155709342561,2.83703703703704,525.086505190311,0.0666666666666667
661.941448382126,2.86029411764706,550,2.84444444444444,,
664.02157164869,2.72058823529412,554.844290657439,2.82222222222222,,
666.101694915254,2.56617647058824,559.688581314879,2.79259259259259,,
670.95531587057,2.38970588235294,565.22491349481,2.71851851851852,,
676.502311248074,2.20588235294118,570.069204152249,2.61481481481481,,
682.049306625578,1.95588235294118,575.60553633218,2.6,,
688.28967642527,1.71323529411765,580.449826989619,2.42222222222222,,
691.063174114022,1.55882352941176,584.602076124568,2.16296296296296,,
695.223420647149,1.18382352941176,590.138408304498,1.65185185185185,,
698.690292758089,0.772058823529412,594.982698961938,1.11111111111111,,
701.463790446841,0.544117647058824,599.826989619377,0.622222222222222,,
706.317411402157,0.191176470588235,605.363321799308,0.244444444444444,,
